location,ranking
Dairy Circle,top1
7th Block Jayanagar,top1
Vivek Nagar,top1
Kavika Layout,top1
Nandi Durga Road,top1
Okalipura,top1
cooketown,top1
akshaya nagar t c palya,top1
Domlur Layout,top1
Guni Agrahara,top1
8th Block Jayanagar,top1
High grounds,top1
Lalbagh Road,top1
Byadarahalli,top1
Gopalapura,top1
Chikkabidarakallu,top1
Shankarapuram,top1
3rd Block Koramangala,top1
2nd Block Jayanagar,top1
Bharathnagar,top1
LIC Colony,top1
Nanjappa Layout Vidyaranyapura,top1
Bahubali Nagar,top1
Victoria Layout,top1
Ambedkar Colony,top1
Richmond Town,top1
Sarvobhogam Nagar,top1
Rainbow Drive,top1
Subhash Nagar,top1
Hal old airport road,top1
Behind Don Bosco Church,top1
Laxminarayana Layout,top1
Chikkagubbi,top1
Maruthi Extension,top1
"Basnashankari,6th stage,",top1
Jaya Mahal layout,top1
Jayanagar,top1
Omarbagh Layout,top1
sapthagiri Layout,top1
Palace Road,top1
"Ananthapura, T C palaya Main Road",top1
Cottonpet,top1
Cambridge Layout,top1
Srirampuram,top1
Basavangudi,top1
Kadarenahalli,top1
Krishna Nagar,top1
Kyalasanahalli,top1
"Jayanagar, ",top1
Langford Town,top1
Sector 6 HSR Layout,top1
Sathya Sai Layout,top1
pavitra paradise,top1
Lakshmi Layout,top1
Mathikere Extension,top1
Rajaji Nagar,top1
Sector 7 HSR Layout,top1
Kodihalli,top1
Ganganahalli,top1
Wilson Garden,top1
Ashok Nagar,top1
Vaishnavi Layout,top1
Malleshwaram,top1
Yeshwanthpur Industrial Suburb,top1
Keshava Nagar,top1
Bommenahalli,top1
RMV,top1
Uvce Layout,top1
Indira Nagar,top1
Frazer Town,top1
BEL Road,top1
Ilyas Nagar,top1
"Gubbi Cross, Hennur Main Road",top1
Sulthangunta,top1
Prashanth Nagar,top1
Srinagar,top1
Sarakki Nagar,top1
8th block Koramangala,top1
Hullahalli,top1
Benson Town,top1
Marenahalli,top1
KAMAKIYA,top1
3rd Block Banashankari,top1
kg halli jalhalli west,top1
VHBCS Layout,top1
Binny Pete,top1
"HSR Layout 7th sector, ",top1
Seshadripuram,top1
Doopanahalli,top1
Kathriguppe IV Phase,top1
Indira Nagar Stage 2,top1
6th block Koramangala,top1
Dwarka Nagar,top1
Banagirinagar,top1
T G extension,top1
Kanakadasa Layout,top1
 Devarabeesana Halli,top1
1st Phase JP Nagar,top1
Cleveland Town,top1
Banashankari Stage II,top1
Dollars Colony,top1
Singena Agrahara,top1
HAL 2nd Stage,top1
4th Block Jayanagar,top1
Agrahara Dasarahalli,top1
Sampangi Rama Nagar,top1
Lakshmiamma Garden,top1
 Bhoganhalli,top1
4th T block Jayanagar,top1
"EPIP AREA, WHITEFIELD",top1
Hebbal Kempapura,top1
Domlur,top1
A Narayanapura,top1
4th Block Koramangala,top1
BEL Layout,top1
Gandhi Nagar,top1
Ulsoor,top1
Pulkeshi Nagar,top1
MRCR Layout,top1
3rd Block Hrbr Layout,top1
Chandra Layout,top1
T Dasarahalli,top1
Bettadasanapura,top1
Nirman Layout,top1
Nandini Layout,top1
Banashankari 2 nd Stage,top1
Banashankari stage 2,top1
"MEI layout, Bagalgunte",top1
Dollars Layout,top1
 Basavangudi,top1
Cooke Town,top1
Vidya Nagar,top1
Koramangala,top1
Sadanand Nagar,top1
Gandhi Bazar,top1
Wheelers Road,top1
Moodalapalya,top1
Iblur Village,top1
Mahalakshmi Layout,top1
Hennur Gardens,top1
Sector 1 HSR Layout,top1
Tasker Town,top1
Thigalarapalya,top1
St. John's Road,top1
"Haralur Road, ",top1
Kuvempu Layout,top1
Cox Town,top1
Bennigana Halli,top1
Bhoopsandra,top1
Maruthi Sevanagar,top1
Chamrajpet,top1
KHB Colony Extension,top1
Jogupalya,top1
Mathikere,top1
Banagiri Nagar,top1
"Yemlur, Old Airport Road, ",top1
Papareddipalya,top1
Richards Town,top1
Laxmi Sagar Layout,top1
Brindavan Nagar,top1
Arekempanahalli,top1
Challaghatta,top1
Kamakshipalya,top1
Jinkethimmanahalli,top1
Bhuvaneswari Nagar,top1
Banjara Layout,top1
V.V Puram,top1
Thyagaraja Nagar,top1
Jakkur Plantation,top1
Banashankari3rd stage bigbazar,top1
Venkatadri Layout,top1
Lakshminarayana Pura,top1
Anjappa Layout,top1
Bendiganahalli,top1
NS Palya,top1
Shirdi Sai Nagar,top1
Bettahalsoor,top1
Kumbalgodu,top1
Rahmath Nagar,top1
Bileshivale,top1
Mahalakshmi Puram,top1
HBR Layout,top1
Green Domain Layout,top1
Amblipura,top1
1st Block Koramangala,top1
Esther Enclave Layout,top1
Nagavarapalya,top1
KG Halli,top1
Old Airport Road,top1
Basaveshwara Nagar,top1
Deepanjali Nagar,top1
AMS Layout,top1
Masjid e Alkareem,top1
Sri Balaji Krupa Layout,top1
Kundalahalli,top1
J.P.nagar 6th Phase.Sarakki Nagar,top1
Attur Layout,top1
Prakash Nagar,top1
Cholanayakanahalli,top1
sankeswari,top1
Shanti Nagar,top1
Chamundi Nagar,top1
Mango Garden Layout,top1
Teachers Colony,top1
Sampige Layout,top1
Ferrar Nagar,top1
Classic Paradise Layout,top1
Ullal Uppanagar,top1
Prithvi Layout,top1
Hebbal,top1
Vyalikaval,top1
Veer Sandra,top1
Sanjay nagar,top1
Hegde Nagar,top1
Sathanur,top1
Karuna Nagar,top1
2nd Stage Arekere Mico Layout,top1
"Banaswadi, ",top1
HRBR Layout,top1
Kammanahalli,top1
Herohalli,top1
"Banasawadi, ",top1
Munivenkatppa Layout,top1
RK Layout 2nd Stage,top1
"TR Mill Road, Chamarajpet",top1
Venkatapura,top1
RR Layout,top1
Rustam Bagh Layout,top1
BTM 4th Stage,top1
T R Mill Road,top1
CHIKKATIRUPATHI,top1
Chikkaballapur,top1
Kanakapura Road,top1
Kalhalli,top1
Koppa,top2
Uday Nagar,top2
Kamala Nagar,top2
Govindapura,top2
Lal Bahadur Shastri Nagar,top2
 Banaswadi,top2
Ambedkar Nagar,top2
J C Nagar,top2
Ganga Nagar,top2
Dooravani Nagar,top2
Lingadheeranahalli,top2
Doddaballapur,top2
Outer Ring Road East,top2
Gowdanapalya,top2
Lakshmipura,top2
Siddapura,top2
Williams Town,top2
Ganesha Block,top2
"Bellandur, ",top2
6th Phase JP Nagar,top2
Jayanti Nagar,top2
banashankari stage iii sa,top2
Ganga Nagar Extension,top2
Manonarayanapalya,top2
Maruthi nagar kogilu,top2
Gokula Extension,top2
"Sarjapur Road, ",top2
Giri Nagar,top2
Meenakunte,top2
Ashwini layout,top2
"Thanisandra Main Road, ",top2
Jalahalli,top2
Udaya Nagar,top2
RMV Extension Stage 2,top2
Jnana Ganga Nagar,top2
Vijayanagar,top2
Nagawara Junction,top2
Green Glen Layout,top2
2nd Block Hrbr Layout,top2
Harlur,top2
Rajiv Nagar,top2
Chowdeshwari Layout,top2
EPIP Zone,top2
Sector 2 HSR Layout,top2
3rd Phase JP Nagar,top2
Jakkasandra,top2
Bagalur Main Road,top2
Yeshwanthpur,top2
OLd Gurappanapalya,top2
Rajankunte,top2
Shanthi Layout,top2
Thirupalya,top2
1st Stage Indira Nagar,top2
Dodsworth Layout,top2
SHANTHINAGAR,top2
Tala Cauvery Layout,top2
Devarabeesana Halli,top2
Kodanda Reddy Layout,top2
OMBR Layout,top2
Badavala Nagar,top2
"JP Nagar 7th Phase, ",top2
Manorayana Palya,top2
Medi Agrahara,top2
Chikkasandra,top2
Kenchenhalli,top2
Bhoganhalli,top2
Devanahalli Int. Airport,top2
Kanaka Nagar,top2
Surabhi Layout,top2
"ravindra nagar, T.dasarahalli peenya",top2
Byatarayanapura,top2
Ejipura,top2
"Banashankari 3rd stage, Vivekanandanagar",top2
Zuzuvadi,top2
Arishinakunte,top2
Kumara Park,top2
Annapurneshwari Nagar,top2
Ramanagara Channapatna,top2
CQAL Layout,top2
Sadduguntepalya,top2
Medaralli,top2
Agara Village,top2
Upkar Layout,top2
Shantiniketan Layout,top2
Garden Layout,top2
Jakkur,top2
Kuvempu Nagar,top2
Bannerghatta,top2
Nanjappa Layout,top2
Sunder Ram Shetty Nagar,top2
Sundar Ram Shetty Nagar,top2
Billapura,top2
Junnasandra,top2
Javarandoddi,top2
Hoodi Layout,top2
BCC Layout,top2
Byrathi Village,top2
Konanakunte,top2
Ambalipura,top2
1st Block HBR Layout,top2
Balagere,top2
Shivaji Nagar,top2
Vibhutipura Extension,top2
Peenya,top2
Kammagondahalli,top2
Billekahalli,top2
Sathya Layout,top2
Dasappa Layout,top2
Chikkakannalli,top2
T.C PALYA,top2
Kurubarahalli,top2
Anand nagar,top2
Nandi Hills,top2
Virudhu Nagar,top2
Doddanekundi,top2
7th Phase JP Nagar,top2
Banashankari 6th Stage,top2
Kasturi Nagar,top2
Kothnur Narayanapura,top2
Jagadish Nagar,top2
Devanahalli Road,top2
Hosahalli Extension,top2
Maheswari Nagar,top2
1st Block Jayanagar,top2
Suragajakkanahalli,top2
Gokaula Extension,top2
Malimakanapura,top2
Jakkasandra Extension,top2
Kodbisanhalli,top2
Kathriguppe,top2
RBI Layout,top2
Jayamahal,top2
Vishwapriya Nagar,top2
6th Block Rajaji Nagar,top2
Brookefield,top2
Kodigehalli,top2
Hosakerehalli Layout,top2
Devarabisanahalli,top2
"Banashankari 6th Stage ,Subramanyapura",top2
"ECC Road, Whitefield, ",top2
Judicial Layout,top2
Hosakerehalli,top2
Rajasree Layout,top2
Kaverappa Layout,top2
Panathur,top2
Hoodi,top2
New Thippasandra,top2
Kempegowda Nagar,top2
Thubarahalli,top2
RPC layout,top2
Chikkajala,top2
Padmanabhanagar,top2
KR Garden,top2
Hosur Road,top2
Vishwanatha Nagenahalli,top2
Badrappa Layout,top2
Kumaraswami Layout,top2
Prestige Sunrise,top2
New Gurappana Palya,top2
Nagasandra,top2
St Thomas Town,top2
"Whietfield, ",top2
2nd Stage Nagarbhavi,top2
Sahakara Nagar,top2
Ardendale,top2
Kadugondanahalli,top2
Shampura,top2
Kannamangala,top2
Whitefield ECC Road,top2
Hennur Road,top2
2nd Block Hbr Layout,top2
Dodda Nekkundi Extension,top2
Amam Enclave Layout,top2
BTM 2nd Stage,top2
ITI Layout,top2
Lingarajapuram,top2
Basavanna Nagar,top2
Tumkur Road,top2
Vibuthipura,top2
Yelachenahalli,top2
Sarjapur  Road,top2
Varanasi,top2
P Krishnappa Layout,top2
 Whitefield,top2
Kaveri Nagar,top2
2nd Phase JP Nagar,top2
Dena Bank Colony,top2
Marathahalli,top2
CV Raman Nagar,top2
Chelekare,top2
Marsur,top2
Gopalkrishna Nagar,top2
Banashankari Stage III,top2
Dinnur,top2
Hennur Busstop,top2
Narayanapura,top2
Kadubeesanahalli,top2
Kalyan nagar,top2
Pampa Extension,top2
Near International Airport,top2
Virupakshapura,top2
BTM Layout,top2
Banashankari Stage I,top2
T c palya,top2
Doddabommasandra,top2
Vignana Nagar,top2
"Panathur Road, ",top2
2nd Block Bel Layout,top2
Anand Nagar,top2
Ramesh Nagar,top2
Kasavanhalli,top2
tc.palya,top2
RMV Extension,top2
Ncpr Industrial Layout,top2
BEML Layout,top2
Baba Nagar,top2
Naidu Layout,top2
Arekere,top2
Nagashetty Halli,top2
Talaghattapura,top2
basaveshwarnagar,top2
JP Nagar,top2
Ullal Road,top2
 Rachenahalli,top2
PNS Layout,top2
Kundalahalli Colony,top2
Vasantha Vallabha Nagar,top2
Remco Bhel Layout,top2
Old Madras Road,top2
Doddanakunte,top2
Veerabhadra Nagar,top2
Murugeshpalya,top2
KSRTC Layout,top2
Roopena Agrahara,top2
Chikka Banaswadi,top3
Viswajit Layout,top3
Jalahalli East,top3
Vijinapura,top3
Tigalarpalya,top3
Vajarahalli,top3
Chennammanakere Achukattu,top3
Bhattarahalli,top3
Sonam Layout,top3
Hulimavu,top3
1st Block BEL Layout,top3
Raghavendra Layout,top3
Guddadahalli,top3
Margondanahalli,top3
NRI Layout,top3
Kaggalipura,top3
3rd Phase Iti Layout,top3
RMV 2nd Stage,top3
Kithaganur,top3
Syndicate Bank Colony,top3
Rajiv Gandhi Nagar,top3
TC Palaya,top3
Avalahalli,top3
Thanisandra,top3
Whitefield,top3
Banashankari,top3
Sultan Palaya,top3
JakkurYelahanka,top3
Nayandanahalli,top3
Bellandur,top3
Tharabanahalli,top3
Srinivasa Nagar,top3
Bellari Road,top3
D Group Employees Layout,top3
Nallurhalli,top3
Akshaya Nagar,top3
HMT Layout,top3
Chennammana Kere,top3
Gubbalala,top3
Mysore Road,top3
Bande Nallasandra,top3
Adugodi,top3
 Thanisandra,top3
Ashwathnagar,top3
Hommadevanahalli,top3
R.T. Nagar,top3
Friends Colony,top3
BCMC Layout,top3
Seetharampalya,top3
Seegehalli,top3
Kalena Agrahara,top3
Tindlu,top3
Bidadi,top3
1st Block HRBR Layout,top3
Venugopal Reddy Layout,top3
Sabari Nagar,top3
Govindaraja Nagar Ward,top3
Gattigere,top3
PC Palaya,top3
Jigani,top3
Nagarbhavi,top3
Air View Colony,top3
Ittamadu,top3
Amruthahalli,top3
Hosa Road,top3
B Narayanapura,top3
ISRO Layout,top3
Devanahalli,top3
Shettigere,top3
Yemlur,top3
Coffee Board Layout,top3
Bannerghatta Road,top3
Off Bannergatta Road,top3
Jalahalli West,top3
Garebhavipalya,top3
Ashwath Nagar,top3
Vaderahalli,top3
Off Bannergatta road,top3
Subramanyapura,top3
Raja Rajeshwari Nagara,top3
Ramagondanahalli,top3
Vijaya Bank Layout,top3
Kothanur,top3
MS Pallya,top3
Nagaraja Garden,top3
Arehalli,top3
RR Nagar,top3
Thirumenahalli,top3
Udayagiri,top3
Bikasipura,top3
Jnanabharathi Layout,top3
Kempapura,top3
Kacharakanahalli,top3
Nehru Nagar,top3
Kenchenahalli,top3
Hanuman Nagar,top3
Magadi Road,top3
Kudlu Gate,top3
Hanumantha Nagar,top3
Kanakpura Road,top3
Ngef Layout,top3
Rukmaiah Layout,top3
Nagadevanahalli,top3
5th Phase JP Nagar,top3
Ramamurthy Nagar,top3
Brooke Bond First Cross,top3
Bethel Nagar,top3
Vittasandra,top3
Neelamangala,top3
Brindavan Layout,top3
Patelappa Layout,top3
Carmelaram,top3
Dasarahalli,top3
Yelahanka,top3
Singanayakanahalli,top3
Akshayanagara East,top3
Jeevan bima nagar,top3
Hallehalli,top3
Hiremath Layout,top3
Konena Agrahara,top3
Kaikondrahalli,top3
Akshayanagara West,top3
"Off Sarjapur Road, ",top3
Rachenahalli,top3
Doddanakundi Industrial Area 2,top3
Kadabagere,top3
Mallathahalli,top3
Kattigenahalli,top3
Kadugodi,top3
KPC Layout,top3
B Channasandra,top3
Hennur Bande,top3
HSR Layout,top3
Kalkere,top3
Maragondanahalli,top3
Kogilu,top3
Hosahalli,top3
Kodipalya,top3
Howthinarayanappa Garden,top3
Haralur Road,top3
Vidyaranyapura,top3
Sunkadakatte,top3
Srirampura,top3
AGS Layout,top3
Banaswadi,top3
Akshya Nagar,top3
Bhuvaneshwari Nagar,top3
Kodigehaali,top3
Geddalahalli,top3
Battarahalli,top3
Laggere,top3
Canara Bank Layout,top3
Dasanapura,top3
Hadosiddapura,top3
"Kanakapura Road, ",top3
Choodasandra,top3
Budigere,top3
Banashankari Stage VI,top3
Vadarpalya,top3
Kullappa Colony,top3
Subash Nagar,top3
Doddagubbi,top3
Kaval Byrasandra,top3
Kariyammana Agrahara,top3
Vayunandana Layout,top3
Mallappa Layout,top3
3rd Stage Raja Rajeshwari Nagar,top3
3rd Block HBR Layout,top3
Amco Colony,top3
Billamaranahalli,top3
Rammana Layout,top3
Reliaable Tranquil Layout,top3
Mahadevpura,top3
LB Shastri Nagar,top3
Bagalur,top3
Mahaganapathy Nagar,top3
Vinayaka Nagar,top3
Kallumantapa,top3
Bank Avenue,top3
Garudachar Palya,top3
Green Woods Layout,top3
Somasundara Palya,top3
Akash Nagar,top3
Mallasandra,top3
Chikkanahalli,top3
Seethappa Layout,top3
Aishwarya Crystal Layout,top3
Omkar Nagar,top3
Amruthnagar,top3
Chikbasavanapura,top3
Doddabidrakallu,top3
Hoskote near,top3
Bidrahalli,top3
kadubisnahalli,top3
Medahalli,top3
Sampigehalli,top3
Varthur,top3
Crimson Layout,top3
manyata tech park,top3
Bharathi Nagar,top3
Anandapura,top3
Virat Nagar,top3
Sidedahalli,top3
Devi Nagar,top3
AECS Layout,top3
Prakruthi Nagar,top3
GB Palya,top3
"Hoodi Circle, ",top3
Munnekollal,top3
Hormavu,top3
"Judicial Layout, Kanakapura Road, ",top3
Austin Town,top3
1st Stage Domlur,top3
Atmananda Colony,top3
KR Puram,top3
RWF West Colony,top3
Nagavara,top3
Jaladarsini Layout,top3
Doddabele,top3
Anugrah Layout,top3
Malleshpalya,top3
"Varthur Road, ",top3
Raja Rajeshwari Nagar 5th Stage,top3
Kudlu,top3
Pattandur Agrahara,top3
KEB Colony,top3
Hessarghatta,top3
Lavakusha Nagar,top3
Ashirvad Colony,top3
Singasandra,top3
Hennur,top3
Gattahalli,top3
Narayanappa Garden,top3
Dodda Nekkundi,top3
Doddakammanahalli,top4
Veerannapalya,top4
Panduranga Nagar,top4
manyata park,top4
Madiwala,top4
Upadhyaya Layout,top4
Sonnenahalli,top4
P&T Colony,top4
Canara Bank Colony,top4
mvj engineering college,top4
Govindpura,top4
Electronics City Phase 1,top4
"JP nagar 9th Phase, ",top4
Begur,top4
 Electronic City,top4
Govindraja Nagar,top4
Jakkuru Layout,top4
Immadihalli,top4
"Near Electronic City, ",top4
Kengeri Hobli,top4
5th Block Hbr Layout,top4
Horamavu Banaswadi,top4
Kambipura,top4
Basapura,top4
Doddakannelli,top4
Ckikkakammana Halli,top4
Singapura Village,top4
Pai Layout,top4
Vittal Nagar,top4
Byrasandra,top4
Rajapura,top4
T K Reddy Layout,top4
Jagajyothi layout,top4
Ramanashree Enclave,top4
Bagalakunte,top4
Kanakapura,top4
ITPL,top4
Tata Nagar,top4
Chikka Tirupathi,top4
Anjanapura,top4
Narayana Nagar 1st Block,top4
Manjunatha Layout,top4
elachenahalli,top4
Manayata Tech Park,top4
Janatha Colony,top4
Kamdhenu Nagar,top4
Mariyannapalya,top4
8th Phase JP Nagar,top4
VGP Layout,top4
Basavanapura,top4
Yelahanka New Town,top4
Nyanappana Halli,top4
9th Phase JP Nagar,top4
Maruthi Layout,top4
Kannur,top4
Tippenahalli,top4
Pattanagere,top4
Thippasandra,top4
Basaveshwara Nagar Yelahanka,top4
Marasandra,top4
Kodichikkanahalli,top4
GD Layout,top4
DUO Layout,top4
NGR Layout,top4
Dodda Kempaiah Layout,top4
 Anekal,top4
Gaundanapalya,top4
Tejaswini Nagar,top4
Anwar Layout,top4
Kachanayakanahalli,top4
Bommanahalli,top4
Rayasandra,top4
Ankappa Layout,top4
Devasthanagalu,top4
"Ananthanagar Phase 1,Electronic City , phase 2",top4
Lottegolla Halli,top4
Chikkabanavar,top4
GM Palaya,top4
SRINIVASAPURA,top4
Gkvk Layout,top4
Chokkahalli,top4
Kamakya Layout,top4
Hanumanth Nagar,top4
Motappa Layout,top4
Telecom Layout,top4
Puttanahalli,top4
Coconut Grove Layout,top4
Sarvabhouma Nagar,top4
Electronic City,top4
Kengeri Satellite Town,top4
Silver Springs Layout,top4
 Mysore Highway,top4
Chikkalasandra,top4
Coconut Garden,top4
Reliable Woods Layout,top4
Hongasandra,top4
"Whitefield, ",top4
Mangammanapalya,top4
Jai Bheema Nagar,top4
Poornapragna Housing Society Layout,top4
Konanakunte Cross,top4
"Kudlu Village, ",top4
Vijaya Bank Colony,top4
"JP Nagar 8th Phase, ",top4
Gottigere,top4
Srigandada Kaval,top4
Kalkere Channasandra,top4
Dr Shivarama Karantha Nagar,top4
Horamavu Agara,top4
Kengeri,top4
Krishna Reddy Layout,top4
Naganathapura,top4
MCECHS  layout,top4
Kaggadasapura,top4
S R Layout,top4
Samethanahalli,top4
Old Mangammanapalya Road,top4
NTI Layout,top4
Vinayak Nagar,top4
Mailasandra,top4
Chinnapanahalli,top4
Vijayabank bank layout,top4
Sugama Layout,top4
Silk Board,top4
Hagadur,top4
Ayappa Nagar,top4
Udayapur Village,top4
Mico Layout,top4
 Devarachikkanahalli,top4
Sadaramangala,top4
Basava Nagar,top4
Mylasandra,top4
Shirdi Sai Layout,top4
Abbigere,top4
Nanjappa Garden,top4
Devarachikkanahalli,top4
Nagappa Reddy Layout,top4
Maruthi Nagar,top4
manyata,top4
Annasandrapalya,top4
rr nagar,top4
Anathanagar,top4
Shettihalli,top4
Gollahalli,top4
Doctors Layout,top4
Chambenahalli,top4
Sai Gardens,top4
Annaiah Reddy Layout,top4
Sarjapur,top4
Bandepalya,top4
Hoysalanagar,top4
Ramamurthy Nagar Extension,top4
Kumarapalli,top4
5th Stage BEML Layout,top4
BEML Layout 5th stage,top4
Rajarajeshwarinagar,top4
Channasandra Layout,top4
Kashi Nagar,top4
Chellikere,top4
Bank Of Baroda Colony,top4
Belatur,top4
Gunjur,top4
Daadys Gaarden Layout,top4
Vasanthapura,top4
Anantapuram,top4
Stage-4 Bommanahalli,top4
Veersandra,top4
Kanakapur main road,top4
Punappa Layout,top4
Raja Rajeshwari Nagar,top4
Raghuvanahalli,top4
Ramanjaneyanagar,top4
Varthur Road,top4
Glass Factory Layout,top4
Gollarapalya Hosahalli,top4
Tavarekere,top4
Poorna Pragna Layout,top4
"Maragondana Halli, kr puram, old madras road",top4
Gulakamale,top4
Uttarahalli,top4
BSM Extension,top4
Popular Colony,top4
Varsova Layout,top4
T C Palya main Road,top4
Himagiri Meadows,top4
Hoskote,top4
Jyothi Nagar,top4
"Kirloskar layout, Basaveshwarnagar",top4
Basavanagara,top4
Green View Layout,top4
Chennappa Layout,top4
Raghavendra Nagar,top4
Tirumanahalli,top4
Doddabanahalli,top4
Green Garden Layout,top4
Kengeri Satellite Town KHB Apartment,top4
Parappana Agrahara,top4
Duvasapalya,top4
Vishveshwarya Layout,top4
HAL 3rd Stage,top4
Babusapalaya,top4
Chikkathoguru,top4
Divya Unnathi Layout,top4
Dodda Banaswadi,top4
Muneshwara Nagar,top4
KR Layout,top4
Bhagyalakshmi Avenue,top4
Shingapura,top4
Shikaripalya,top4
2nd Phase Judicial Layout,top4
Bisuvanahalli,top4
Sri Venkateshpura Layout,top4
Nelamangala,top4
Akshaya Vana,top4
Soppahalli,top4
Vishwapriya Layout,top4
Yelenahalli,top4
Suraksha Nagar,top4
Begur Road,top4
Konappana Agrahara,top4
Kengeri Satellite Town Stage II,top4
Shanthi Pura,top4
Shetty Halli,top4
Saptagiri Layout,top4
Vikram Nagar,top4
Lake City,top4
Balaji Gardens Layout,top4
Sunkan palya,top4
Harohalli,top4
Doctor Layout Rayasandra,top4
Amarjyothi Colony,top4
Alfa Garden Layout,top4
"Bidere Agarahara, Behind Safal market",top4
Bommasandra,top4
Anantapura,top5
K R C kothanur,top5
Suddaguntepalya,top5
Adarsh Nagar,top5
Nagondanahalli,top5
Shauhardha Layout,top5
Allalasandra,top5
Dwaraka Nagar,top5
Channasandra,top5
Hegganahalli,top5
Doddathoguru,top5
Doddakallasandra,top5
Chokkanahalli,top5
Chokkasandra,top5
HAL Layout,top5
Kada Agrahara,top5
Escorts Colony,top5
Neeladri Nagar,top5
Sompura,top5
Prasanth Extension,top5
Venkateshpuram,top5
Chikkadunnasandra,top5
HOSUR MAIN ROAD,top5
Maithri Layout,top5
HOSUR RMAIN ROAD,top5
Kothannur,top5
Pragathi Nagar,top5
Harappanahalli,top5
Nobo Nagar,top5
Belathur,top5
MLA Layout,top5
"Lakshminarayanapura, Electronic City Phase 2",top5
Shree Ananth Nagar Layout,top5
P&T Layout,top5
Gunjur Palya,top5
Yarandahalli,top5
NR Colony,top5
KUDLU MAIN ROAD,top5
Electronic City Phase II,top5
Rajarajeshwari Nagara,top5
Rajarajeshwari nagar,top5
Gaurava Nagar,top5
Geleyara Balaga Layout,top5
Sree Narayana Nagar,top5
Anekal,top5
Addischetan Layout,top5
Byagadadhenahalli,top5
Kumbena Agrahara,top5
Banashankari Stage V,top5
Abbaiah Reddy Layout,top5
Alur,top5
Dommasandra,top5
Pillanna Gardens,top5
Hosapalya,top5
Sanne Amanikere,top5
Gulimangala,top5
4th Phase JP Nagar,top5
Gopal Reddy Layout,top5
Sneha Colony,top5
Celebrity Paradise Layout,top5
Vimanapura,top5
Aavalahalli,top5
Attibele,top5
Satyasaibaba Layout,top5
Viswapriyanagar.begur Road.bommanahalli.,top5
JCR Layout,top5
Chuchangatta Colony,top5
Dominic Layout,top5
Duddanahalli,top5
Byrasandra Extension,top5
whitefiled,top5
kanakapura main road,top5
Kanakapura  Rod,top5
Kanakapura main  Road,top5
Sri Sai Layout,top5
Kanakapura Main Road,top5
Vasatha Vallbha Nagar,top5
Madavara,top5
adigondanhalli,top5
Vasanthpura,top5
Vasantapura main road,top5
kanakapura road,top5
Virgonagar,top5
Kodathi,top5
Hanumagiri,top5
Kammasandra,top5
Volagerekallahalli,top5
Hennagara,top5
"Electronic city Phase 1, ",top5
"Electronic city phase 1, ",top5
Rajanna Layout,top5
Harsha Layout,top5
Iggalur,top5
Sarjapura - Attibele Road,top5
Wajid layout thanisandra,top5
"Electronic City Phase 1, ",top5
Venkateswara Nagar,top5
Ananth Nagar,top5
Gollarahatti,top5
Kereguddadahalli,top5
Adityanagar,top5
Keerthi Layout,top5
Weavers Colony,top5
Rajarajesheari nagar,top5
Raja Rajashweri Nagar,top5
Shakthi Nagar,top5
Kenchanehalli R R Nagar,top5
Thirumalashettyhally,top5
Kothnoor Dinne,top5
Asthagrama Layout,top5
Soundarya Layout,top5
Bommasandra Industrial Area,top5
Makali,top5
Maruthi HBCS Layout,top5
Devara Jeevanahalli,top5
Chandapura,top5
Kirloskar Layout,top5
Byappanahalli,top5
Bilal Nagar,top5
Suryanagar,top5
Devasandra Extension,top5
Jeevanhalli,top5
BAGUR ROAD,top5
Vidhyanagar Cross,top5
Huskur,top5
Tunganagara,top5
Madanayakahalli,top5
Phase 1 Kammasandra,top5
Handenahalli,top5
BDS Layout,top5
BAGUR,top5
